"Country","Province","Date","Retail_Recreation","Grocery_Pharmarcy","Parks","Transit_Stations","Workplaces","Residential"
"Netherlands","Friesland",2020-02-15,-7,-3,10,3,0,0
"Netherlands","Friesland",2020-02-16,-19,-19,-48,-16,-4,2
"Netherlands","Friesland",2020-02-17,0,-2,21,-16,-23,3
"Netherlands","Friesland",2020-02-18,5,-2,32,-21,-23,3
"Netherlands","Friesland",2020-02-19,2,-5,30,-17,-23,2
"Netherlands","Friesland",2020-02-20,0,-4,6,-19,-24,3
"Netherlands","Friesland",2020-02-21,-1,-2,32,-9,-24,2
"Netherlands","Friesland",2020-02-22,0,1,11,8,-4,1
"Netherlands","Friesland",2020-02-23,5,0,-21,1,-1,1
"Netherlands","Friesland",2020-02-24,-7,-6,10,-1,-4,2
"Netherlands","Friesland",2020-02-25,5,8,37,4,4,0
"Netherlands","Friesland",2020-02-26,2,7,26,3,5,0
"Netherlands","Friesland",2020-02-27,2,3,10,-1,4,1
"Netherlands","Friesland",2020-02-28,1,6,29,12,4,0
"Netherlands","Friesland",2020-02-29,-1,4,14,9,2,1
"Netherlands","Friesland",2020-03-01,7,6,12,12,3,0
"Netherlands","Friesland",2020-03-02,-6,0,1,-2,4,1
"Netherlands","Friesland",2020-03-03,2,4,37,-1,3,0
"Netherlands","Friesland",2020-03-04,4,4,35,2,4,0
"Netherlands","Friesland",2020-03-05,4,1,17,0,3,0
"Netherlands","Friesland",2020-03-06,-1,4,31,8,4,0
"Netherlands","Friesland",2020-03-07,12,2,72,24,3,-1
"Netherlands","Friesland",2020-03-08,9,4,9,12,1,1
"Netherlands","Friesland",2020-03-09,-1,3,24,3,4,0
"Netherlands","Friesland",2020-03-10,-7,1,1,-4,2,1
"Netherlands","Friesland",2020-03-11,2,5,40,0,3,0
"Netherlands","Friesland",2020-03-12,-6,13,3,-4,2,2
"Netherlands","Friesland",2020-03-13,-13,21,31,-11,-5,4
"Netherlands","Friesland",2020-03-14,-14,5,59,-6,-3,5
"Netherlands","Friesland",2020-03-15,-26,6,28,-14,-9,5
"Netherlands","Friesland",2020-03-16,-22,13,51,-37,-33,11
"Netherlands","Friesland",2020-03-17,-29,2,46,-47,-40,13
"Netherlands","Friesland",2020-03-18,-35,-1,26,-49,-40,14
"Netherlands","Friesland",2020-03-19,-36,-5,31,-50,-43,15
"Netherlands","Friesland",2020-03-20,-43,-6,20,-50,-40,15
"Netherlands","Friesland",2020-03-21,-46,-11,39,-35,-19,11
"Netherlands","Friesland",2020-03-22,-53,-17,29,-39,-25,8
"Netherlands","Friesland",2020-03-23,-32,-9,19,-55,-44,15
"Netherlands","Friesland",2020-03-24,-39,-15,34,-54,-47,16
"Netherlands","Friesland",2020-03-25,-42,-17,52,-51,-45,15
"Netherlands","Friesland",2020-03-26,-43,-18,32,-54,-47,17
"Netherlands","Friesland",2020-03-27,-48,-19,40,-54,-43,16
"Netherlands","Friesland",2020-03-28,-52,-21,17,-44,-22,12
"Netherlands","Friesland",2020-03-29,-57,-28,-11,-51,-28,9
"Netherlands","Friesland",2020-03-30,-40,-22,8,-59,-47,16
"Netherlands","Friesland",2020-03-31,-37,-18,63,-53,-47,16
"Netherlands","Friesland",2020-04-01,-42,-18,19,-55,-45,15
"Netherlands","Friesland",2020-04-02,-43,-19,14,-59,-47,17
"Netherlands","Friesland",2020-04-03,-46,-17,29,-56,-43,16
"Netherlands","Friesland",2020-04-04,-47,-18,58,-33,-21,11
"Netherlands","Friesland",2020-04-05,-44,-15,83,-27,-24,6
"Netherlands","Friesland",2020-04-06,-30,-17,61,-53,-45,14
"Netherlands","Friesland",2020-04-07,-31,-13,84,-49,-46,14
"Netherlands","Friesland",2020-04-08,-34,-13,99,-43,-43,13
"Netherlands","Friesland",2020-04-09,-34,-8,64,-48,-45,14
"Netherlands","Friesland",2020-04-10,-39,-9,72,-49,-50,15
"Netherlands","Friesland",2020-04-11,-41,-5,106,-25,-17,9
"Netherlands","Friesland",2020-04-12,-61,-58,96,-24,-21,6
"Netherlands","Friesland",2020-04-13,-52,-43,36,-67,-84,23
"Netherlands","Friesland",2020-04-14,-37,-14,32,-52,-44,14
"Netherlands","Friesland",2020-04-15,-35,-14,69,-45,-41,13
"Netherlands","Friesland",2020-04-16,-35,-14,62,-46,-42,14
"Netherlands","Friesland",2020-04-17,-41,-13,75,-48,-39,13
"Netherlands","Friesland",2020-04-18,-42,-14,93,-25,-13,9
"Netherlands","Friesland",2020-04-19,-42,-15,91,-24,-15,6
"Netherlands","Friesland",2020-04-20,-25,-12,59,-48,-42,13
"Netherlands","Friesland",2020-04-21,-28,-11,68,-49,-42,14
"Netherlands","Friesland",2020-04-22,-30,-12,81,-41,-39,12
"Netherlands","Friesland",2020-04-23,-29,-9,106,-40,-41,13
"Netherlands","Friesland",2020-04-24,-34,-8,94,-44,-38,12
"Netherlands","Friesland",2020-04-25,-34,-4,98,-20,-12,8
"Netherlands","Friesland",2020-04-26,-29,-4,134,-10,-13,5
"Netherlands","Friesland",2020-04-27,-20,-16,185,-44,-77,18
"Netherlands","Friesland",2020-04-28,-30,-10,38,-52,-43,12
"Netherlands","Friesland",2020-04-29,-27,-8,72,-42,-40,12
"Netherlands","Friesland",2020-04-30,-28,-8,69,-43,-42,13
"Netherlands","Friesland",2020-05-01,-37,-11,56,-46,-38,13
"Netherlands","Friesland",2020-05-02,-34,-7,83,-24,-9,9
"Netherlands","Friesland",2020-05-03,-30,-10,129,-9,-8,5
"Netherlands","Friesland",2020-05-04,-10,-6,110,-44,-49,13
"Netherlands","Friesland",2020-05-05,-23,-10,170,-44,-68,18
"Netherlands","Friesland",2020-05-06,-20,-5,126,-34,-36,10
"Netherlands","Friesland",2020-05-07,-21,-2,136,-36,-37,11
"Netherlands","Friesland",2020-05-08,-27,-1,186,-31,-33,9
"Netherlands","Friesland",2020-05-09,-28,6,236,5,-1,4
"Netherlands","Friesland",2020-05-10,-41,-5,54,-18,5,3
"Netherlands","Friesland",2020-05-11,-21,-9,45,-44,-36,11
"Netherlands","Friesland",2020-05-12,-24,-8,49,-43,-35,12
"Netherlands","Friesland",2020-05-13,-26,-6,63,-39,-33,11
"Netherlands","Friesland",2020-05-14,-25,-6,66,-38,-34,10
"Netherlands","Friesland",2020-05-15,-30,-5,105,-34,-30,9
"Netherlands","Friesland",2020-05-16,-30,-3,122,-14,0,7
"Netherlands","Friesland",2020-05-17,-25,-4,160,1,1,4
"Netherlands","Friesland",2020-05-18,-12,-4,111,-35,-33,9
"Netherlands","Friesland",2020-05-19,-13,-1,142,-32,-33,10
"Netherlands","Friesland",2020-05-20,0,20,NA,-12,-30,5
"Netherlands","Friesland",2020-05-21,-20,-7,NA,-17,-77,15
"Netherlands","Friesland",2020-05-22,-14,7,264,-31,-53,13
"Netherlands","Friesland",2020-05-23,-20,1,250,4,2,6
"Netherlands","Friesland",2020-05-24,-31,-3,95,-5,-2,4
"Netherlands","Friesland",2020-05-25,-5,1,135,-28,-33,9
"Netherlands","Friesland",2020-05-26,-5,2,180,-26,-32,8
"Netherlands","Friesland",2020-05-27,-10,3,157,-28,-30,8
"Netherlands","Friesland",2020-05-28,-12,3,149,-27,-30,9
"Netherlands","Friesland",2020-05-29,-17,6,283,-14,-27,7
"Netherlands","Friesland",2020-05-30,-17,13,371,25,15,3
"Netherlands","Friesland",2020-05-31,-22,-17,363,27,10,1
"Netherlands","Friesland",2020-06-01,18,-10,479,-13,-75,12
"Netherlands","Friesland",2020-06-02,1,9,291,-12,-30,6
"Netherlands","Friesland",2020-06-03,-3,3,201,-21,-27,7
"Netherlands","Friesland",2020-06-04,-11,0,84,-32,-29,9
"Netherlands","Friesland",2020-06-05,-22,-2,101,-25,-25,8
"Netherlands","Friesland",2020-06-06,-16,1,112,-10,12,6
"Netherlands","Friesland",2020-06-07,-13,-1,99,-6,11,4
"Netherlands","Friesland",2020-06-08,0,2,152,-20,-29,7
"Netherlands","Friesland",2020-06-09,2,4,177,-26,-28,7
"Netherlands","Friesland",2020-06-10,1,4,209,-20,-27,6
"Netherlands","Friesland",2020-06-11,-3,3,159,-27,-29,8
"Netherlands","Friesland",2020-06-12,-4,2,316,-5,-24,4
"Netherlands","Friesland",2020-06-13,-8,2,335,19,17,2
"Netherlands","Friesland",2020-06-14,5,4,239,19,17,1
"Netherlands","Friesland",2020-06-15,10,7,238,-13,-28,6
"Netherlands","Friesland",2020-06-16,12,8,256,-15,-28,7
"Netherlands","Friesland",2020-06-17,10,5,267,-9,-26,6
"Netherlands","Friesland",2020-06-18,4,5,183,-20,-28,7
"Netherlands","Friesland",2020-06-19,-1,4,303,-1,-23,4
"Netherlands","Friesland",2020-06-20,1,9,353,28,18,1
"Netherlands","Friesland",2020-06-21,12,5,282,32,27,-1
"Netherlands","Friesland",2020-06-22,21,12,306,-2,-30,5
"Netherlands","Friesland",2020-06-23,24,15,368,-5,-29,5
"Netherlands","Friesland",2020-06-24,17,12,394,-4,-27,4
"Netherlands","Friesland",2020-06-25,18,11,362,-5,-28,5
"Netherlands","Friesland",2020-06-26,0,5,449,6,-26,3
"Netherlands","Friesland",2020-06-27,-3,6,315,23,10,3
"Netherlands","Friesland",2020-06-28,23,10,263,28,16,0
"Netherlands","Friesland",2020-06-29,16,10,233,-14,-28,6
"Netherlands","Friesland",2020-06-30,17,11,218,-21,-28,7
"Netherlands","Friesland",2020-07-01,20,11,267,-7,-26,4
"Netherlands","Friesland",2020-07-02,18,8,228,-12,-27,6
"Netherlands","Friesland",2020-07-03,4,4,308,-1,-26,4
"Netherlands","Friesland",2020-07-04,-10,0,205,6,7,4
"Netherlands","Friesland",2020-07-05,15,7,222,23,11,1
"Netherlands","Friesland",2020-07-06,25,12,309,-14,-37,6
"Netherlands","Friesland",2020-07-07,26,11,344,-17,-37,6
"Netherlands","Friesland",2020-07-08,21,7,344,-12,-35,5
"Netherlands","Friesland",2020-07-09,5,-1,197,-28,-37,8
"Netherlands","Friesland",2020-07-10,3,3,348,-6,-33,4
"Netherlands","Friesland",2020-07-11,1,3,431,44,10,0
"Netherlands","Friesland",2020-07-12,36,8,418,53,14,-2
"Netherlands","Friesland",2020-07-13,35,13,508,3,-40,4
"Netherlands","Friesland",2020-07-14,27,11,396,-20,-41,7
"Netherlands","Friesland",2020-07-15,27,9,NA,-7,-37,4
"Netherlands","Friesland",2020-07-16,25,9,387,-15,-39,6
"Netherlands","Friesland",2020-07-17,10,4,493,4,-37,2
"Netherlands","Friesland",2020-07-18,1,3,590,63,7,-2
"Netherlands","Friesland",2020-07-19,40,18,448,52,13,-2
"Netherlands","Friesland",2020-07-20,49,23,570,-3,-50,6
"Netherlands","Friesland",2020-07-21,46,21,604,-9,-50,7
"Netherlands","Friesland",2020-07-22,38,13,NA,-2,-47,6
"Netherlands","Friesland",2020-07-23,37,14,528,-8,-49,7
"Netherlands","Friesland",2020-07-24,14,8,514,1,-45,5
"Netherlands","Friesland",2020-07-25,2,6,446,40,2,1
"Netherlands","Friesland",2020-07-26,47,18,430,52,12,-2
"Netherlands","Friesland",2020-07-27,46,23,508,-11,-54,8
"Netherlands","Friesland",2020-07-28,47,20,NA,-15,-53,9
"Netherlands","Friesland",2020-07-29,42,17,NA,-7,-51,7
"Netherlands","Friesland",2020-07-30,38,14,625,3,-53,6
"Netherlands","Friesland",2020-07-31,9,4,728,17,-51,3
"Netherlands","Friesland",2020-08-01,3,6,639,68,0,-1
"Netherlands","Friesland",2020-08-02,47,19,492,63,11,-3
"Netherlands","Friesland",2020-08-03,50,25,536,-8,-53,8
"Netherlands","Friesland",2020-08-04,53,23,NA,-1,-52,7
"Netherlands","Friesland",2020-08-05,45,19,728,6,-50,5
"Netherlands","Friesland",2020-08-06,34,16,NA,2,-52,6
"Netherlands","Friesland",2020-08-07,5,7,691,6,-50,5
"Netherlands","Friesland",2020-08-08,-7,7,NA,63,-1,0
"Netherlands","Friesland",2020-08-09,37,20,548,63,11,-3
"Netherlands","Friesland",2020-08-10,40,23,NA,1,-45,6
"Netherlands","Friesland",2020-08-11,35,19,NA,-4,-45,6
"Netherlands","Friesland",2020-08-12,27,14,667,-2,-42,6
"Netherlands","Friesland",2020-08-13,22,11,NA,-8,-43,7
"Netherlands","Friesland",2020-08-14,11,8,478,2,-38,6
"Netherlands","Friesland",2020-08-15,4,8,472,54,6,1
"Netherlands","Friesland",2020-08-16,38,16,405,57,13,-1
"Netherlands","Friesland",2020-08-17,33,19,NA,-6,-33,6
"Netherlands","Friesland",2020-08-18,32,17,NA,-6,-31,5
"Netherlands","Friesland",2020-08-19,27,13,NA,7,-29,4
"Netherlands","Friesland",2020-08-20,24,12,NA,-2,-30,4
"Netherlands","Friesland",2020-08-21,10,6,NA,11,-26,3
"Netherlands","Friesland",2020-08-22,4,6,NA,NA,8,2
"Netherlands","Friesland",2020-08-23,26,12,NA,NA,13,1
"Netherlands","Friesland",2020-08-24,24,12,NA,-2,-29,4
"Netherlands","Friesland",2020-08-25,18,10,NA,-14,-30,5
"Netherlands","Friesland",2020-08-26,9,2,NA,-12,-27,6
"Netherlands","Friesland",2020-08-27,20,5,NA,-2,-25,4
"Netherlands","Friesland",2020-08-28,5,2,NA,7,-23,3
"Netherlands","Friesland",2020-08-29,1,0,NA,NA,8,2
"Netherlands","Friesland",2020-08-30,17,4,NA,NA,11,1
"Netherlands","Friesland",2020-08-31,18,6,NA,2,-26,4
"Netherlands","Friesland",2020-09-01,20,6,NA,-1,-28,4
"Netherlands","Friesland",2020-09-02,20,1,NA,9,-25,2
"Netherlands","Friesland",2020-09-03,-3,-7,NA,-17,-26,6
"Netherlands","Friesland",2020-09-04,6,4,NA,14,-22,2
"Netherlands","Friesland",2020-09-05,5,1,NA,NA,5,0
"Netherlands","Friesland",2020-09-06,17,4,NA,NA,6,0
"Netherlands","Friesland",2020-09-07,18,6,NA,6,-27,3
"Netherlands","Friesland",2020-09-08,17,5,NA,-8,-27,4
"Netherlands","Friesland",2020-09-09,9,-2,NA,-8,-24,4
"Netherlands","Friesland",2020-09-10,15,-1,NA,-1,-22,3
"Netherlands","Friesland",2020-09-11,7,1,338,24,-20,1
"Netherlands","Friesland",2020-09-12,6,0,355,32,7,0
"Netherlands","Friesland",2020-09-13,38,3,330,58,9,-2
"Netherlands","Friesland",2020-09-14,23,6,381,19,-21,1
"Netherlands","Friesland",2020-09-15,23,5,408,11,-23,2
"Netherlands","Friesland",2020-09-16,13,1,325,4,-20,2
"Netherlands","Friesland",2020-09-17,12,-1,261,-3,-19,3
"Netherlands","Friesland",2020-09-18,4,-1,327,26,-18,1
"Netherlands","Friesland",2020-09-19,3,-2,368,42,5,-1
"Netherlands","Friesland",2020-09-20,40,4,338,69,9,-2
"Netherlands","Friesland",2020-09-21,19,5,282,10,-21,2
"Netherlands","Friesland",2020-09-22,17,2,274,1,-22,3
"Netherlands","Friesland",2020-09-23,5,2,179,-7,-19,3
"Netherlands","Friesland",2020-09-24,5,1,124,-13,-17,5
"Netherlands","Friesland",2020-09-25,0,3,171,9,-16,3
"Netherlands","Friesland",2020-09-26,2,0,175,12,7,2
"Netherlands","Friesland",2020-09-27,14,0,125,25,8,2
"Netherlands","Friesland",2020-09-28,4,2,127,-4,-19,5
"Netherlands","Friesland",2020-09-29,3,1,132,-17,-21,5
"Netherlands","Friesland",2020-09-30,0,-2,131,-14,-20,5
"Netherlands","Friesland",2020-10-01,-5,-4,71,-20,-19,7
"Netherlands","Friesland",2020-10-02,-7,1,156,6,-17,4
"Netherlands","Friesland",2020-10-03,-12,-4,125,2,2,4
"Netherlands","Friesland",2020-10-04,-2,-4,99,14,3,3
"Netherlands","Friesland",2020-10-05,-7,-6,77,-11,-23,7
"Netherlands","Friesland",2020-10-06,-5,-4,75,-21,-24,7
"Netherlands","Friesland",2020-10-07,-5,-6,93,-18,-20,6
"Netherlands","Friesland",2020-10-08,-18,-16,22,-27,-21,8
"Netherlands","Friesland",2020-10-09,-13,-4,114,-1,-19,5
"Netherlands","Friesland",2020-10-10,-16,-6,96,-3,1,5
"Netherlands","Friesland",2020-10-11,-13,-10,60,-4,2,4
"Netherlands","Friesland",2020-10-12,7,-1,147,-18,-40,7
"Netherlands","Friesland",2020-10-13,9,-2,155,-29,-40,8
"Netherlands","Friesland",2020-10-14,0,-8,141,-30,-38,8
"Netherlands","Friesland",2020-10-15,-17,-6,106,-34,-40,10
"Netherlands","Friesland",2020-10-16,-24,-6,160,-12,-38,8
"Netherlands","Friesland",2020-10-17,-28,-5,163,5,-3,6
"Netherlands","Friesland",2020-10-18,-27,-7,123,5,-4,4
"Netherlands","Friesland",2020-10-19,-13,-3,117,-15,-24,8
"Netherlands","Friesland",2020-10-20,-12,0,99,-24,-24,8
"Netherlands","Friesland",2020-10-21,-20,-8,65,-23,-21,8
"Netherlands","Friesland",2020-10-22,-17,-3,99,-20,-20,8
"Netherlands","Friesland",2020-10-23,-22,1,116,-5,-18,7
"Netherlands","Friesland",2020-10-24,-26,-2,101,-9,-2,6
"Netherlands","Friesland",2020-10-25,-31,-7,45,-10,-3,5
"Netherlands","Friesland",2020-10-26,-14,-3,55,-23,-22,7
"Netherlands","Friesland",2020-10-27,-17,-5,36,-28,-23,8
"Netherlands","Friesland",2020-10-28,-21,-7,41,-27,-20,8
"Netherlands","Friesland",2020-10-29,-23,-8,26,-30,-19,9
"Netherlands","Friesland",2020-10-30,-31,-7,37,-16,-18,8
"Netherlands","Friesland",2020-10-31,-27,-4,94,-16,-3,6
"Netherlands","Friesland",2020-11-01,-35,-12,41,-18,-7,5
"Netherlands","Friesland",2020-11-02,-20,-10,41,-23,-22,8
"Netherlands","Friesland",2020-11-03,-17,-8,48,-33,-24,8
"Netherlands","Friesland",2020-11-04,-18,-8,63,-25,-20,7
"Netherlands","Friesland",2020-11-05,-25,-7,30,-29,-19,9
"Netherlands","Friesland",2020-11-06,-28,-5,64,-17,-18,7
"Netherlands","Friesland",2020-11-07,-29,-4,112,-12,-4,6
"Netherlands","Friesland",2020-11-08,-27,-6,116,4,-7,3
"Netherlands","Friesland",2020-11-09,-19,-7,43,-25,-22,8
"Netherlands","Friesland",2020-11-10,-19,-5,30,-30,-23,9
"Netherlands","Friesland",2020-11-11,-19,1,44,-26,-20,8
"Netherlands","Friesland",2020-11-12,-27,-11,12,-30,-18,9
"Netherlands","Friesland",2020-11-13,-30,-5,37,-19,-17,8
"Netherlands","Friesland",2020-11-14,-32,-3,37,-25,-7,7
"Netherlands","Friesland",2020-11-15,-41,-14,10,-24,-10,6
"Netherlands","Friesland",2020-11-16,-22,-11,19,-28,-21,8
"Netherlands","Friesland",2020-11-17,-19,-6,27,-30,-23,9
"Netherlands","Friesland",2020-11-18,-19,-5,56,-24,-19,7
"Netherlands","Friesland",2020-11-19,-24,-9,7,-28,-18,9
"Netherlands","Friesland",2020-11-20,-24,-1,39,-18,-16,7
"Netherlands","Friesland",2020-11-21,-28,-4,13,-26,-7,7
"Netherlands","Friesland",2020-11-22,-25,-6,62,-6,-5,4
"Netherlands","Friesland",2020-11-23,-12,-5,39,-24,-19,7
"Netherlands","Friesland",2020-11-24,-12,-2,28,-27,-21,8
"Netherlands","Friesland",2020-11-25,-12,-3,36,-26,-18,7
"Netherlands","Friesland",2020-11-26,-15,-3,20,-27,-16,8
"Netherlands","Friesland",2020-11-27,-20,-1,30,-19,-16,6
"Netherlands","Friesland",2020-11-28,-25,-3,26,-21,-4,6
"Netherlands","Friesland",2020-11-29,-25,-7,42,-12,-4,4
"Netherlands","Friesland",2020-11-30,-18,-11,-6,-33,-20,8
"Netherlands","Friesland",2020-12-01,-13,-2,13,-30,-21,8
"Netherlands","Friesland",2020-12-02,-15,-3,20,-28,-18,7
"Netherlands","Friesland",2020-12-03,-21,-5,-11,-34,-16,9
"Netherlands","Friesland",2020-12-04,-23,1,9,-24,-15,7
"Netherlands","Friesland",2020-12-05,-30,-3,21,-30,-2,6
"Netherlands","Friesland",2020-12-06,-36,-13,1,-27,-7,5
"Netherlands","Friesland",2020-12-07,-20,-13,-9,-29,-20,8
"Netherlands","Friesland",2020-12-08,-16,-6,18,-31,-19,8
"Netherlands","Friesland",2020-12-09,-22,-10,2,-30,-17,7
"Netherlands","Friesland",2020-12-10,-23,-8,-2,-32,-16,8
"Netherlands","Friesland",2020-12-11,-30,-7,3,-23,-16,7
"Netherlands","Friesland",2020-12-12,-32,-5,9,-27,-4,7
"Netherlands","Friesland",2020-12-13,-34,-7,14,-15,-6,5
"Netherlands","Friesland",2020-12-14,20,18,8,-26,-18,6
"Netherlands","Friesland",2020-12-15,-47,-11,12,-36,-23,10
"Netherlands","Friesland",2020-12-16,-48,-11,32,-43,-33,11
"Netherlands","Friesland",2020-12-17,-51,-11,0,-47,-33,13
"Netherlands","Friesland",2020-12-18,-53,-9,26,-39,-33,12
"Netherlands","Friesland",2020-12-19,-60,-9,25,-29,-11,9
"Netherlands","Friesland",2020-12-20,-53,-12,37,-28,-11,6
"Netherlands","Friesland",2020-12-21,-38,7,14,-48,-50,14
"Netherlands","Friesland",2020-12-22,-35,20,47,-46,-51,14
"Netherlands","Friesland",2020-12-23,-41,16,-9,-50,-50,14
"Netherlands","Friesland",2020-12-24,-37,23,27,-41,-56,16
"Netherlands","Friesland",2020-12-25,-83,-80,24,-63,-81,20
"Netherlands","Friesland",2020-12-26,-82,-63,0,-37,-36,9
"Netherlands","Friesland",2020-12-27,-64,-32,-36,-31,-17,7
"Netherlands","Friesland",2020-12-28,-35,5,81,-39,-62,16
"Netherlands","Friesland",2020-12-29,-43,1,21,-55,-63,18
"Netherlands","Friesland",2020-12-30,-36,17,78,-42,-60,16
"Netherlands","Friesland",2020-12-31,-41,11,48,-40,-66,16
"Netherlands","Friesland",2021-01-01,-78,-84,39,-58,-82,22
"Netherlands","Friesland",2021-01-02,-63,-14,55,-25,-19,11
"Netherlands","Friesland",2021-01-03,-56,-19,26,-24,-10,7
"Netherlands","Friesland",2021-01-04,-47,-10,-4,-51,-38,13
"Netherlands","Friesland",2021-01-05,-52,-14,-6,-54,-38,14
"Netherlands","Friesland",2021-01-06,-53,-13,4,-49,-35,13
"Netherlands","Friesland",2021-01-07,-55,-15,-14,-49,-34,14
"Netherlands","Friesland",2021-01-08,-56,-12,24,-40,-32,12
"Netherlands","Friesland",2021-01-09,-61,-10,28,-33,-12,9
"Netherlands","Friesland",2021-01-10,-60,-17,2,-33,-9,7
"Netherlands","Friesland",2021-01-11,-49,-14,-3,-50,-34,12
"Netherlands","Friesland",2021-01-12,-50,-11,27,-46,-35,12
"Netherlands","Friesland",2021-01-13,-52,-14,14,-47,-33,11
"Netherlands","Friesland",2021-01-14,-52,-16,18,-47,-33,12
"Netherlands","Friesland",2021-01-15,-56,-15,8,-42,-32,11
"Netherlands","Friesland",2021-01-16,-63,-15,14,-40,-15,10
"Netherlands","Friesland",2021-01-17,-58,-24,15,-34,-14,6
"Netherlands","Utrecht",2020-02-15,8,0,3,9,-1,0
"Netherlands","Utrecht",2020-02-16,-5,-10,-22,14,-3,1
"Netherlands","Utrecht",2020-02-17,2,-1,2,3,1,0
"Netherlands","Utrecht",2020-02-18,4,3,12,0,2,0
"Netherlands","Utrecht",2020-02-19,6,-1,12,-2,1,0
"Netherlands","Utrecht",2020-02-20,0,-2,-4,-1,0,1
"Netherlands","Utrecht",2020-02-21,8,-1,6,6,-4,0
"Netherlands","Utrecht",2020-02-22,4,-6,-23,11,-3,0
"Netherlands","Utrecht",2020-02-23,4,-17,-37,3,-4,0
"Netherlands","Utrecht",2020-02-24,0,-13,-23,-12,-22,3
"Netherlands","Utrecht",2020-02-25,13,3,9,-9,-20,2
"Netherlands","Utrecht",2020-02-26,6,-8,-12,-9,-20,2
"Netherlands","Utrecht",2020-02-27,-5,-7,-17,-12,-21,3
"Netherlands","Utrecht",2020-02-28,2,-6,-1,-4,-21,2
"Netherlands","Utrecht",2020-02-29,0,-3,-22,3,-4,0
"Netherlands","Utrecht",2020-03-01,9,-2,11,5,-1,-1
"Netherlands","Utrecht",2020-03-02,-5,-7,-16,-1,0,1
"Netherlands","Utrecht",2020-03-03,3,5,24,-3,1,0
"Netherlands","Utrecht",2020-03-04,9,0,20,-4,2,0
"Netherlands","Utrecht",2020-03-05,-9,-3,-7,-7,1,1
"Netherlands","Utrecht",2020-03-06,0,2,10,1,2,1
"Netherlands","Utrecht",2020-03-07,3,0,31,5,0,0
"Netherlands","Utrecht",2020-03-08,4,-5,-9,-1,-1,1
"Netherlands","Utrecht",2020-03-09,1,-1,1,-5,0,1
"Netherlands","Utrecht",2020-03-10,-4,-2,-5,-7,-1,2
"Netherlands","Utrecht",2020-03-11,3,2,21,-11,-2,2
"Netherlands","Utrecht",2020-03-12,-11,12,-5,-17,-3,3
"Netherlands","Utrecht",2020-03-13,-15,21,-20,-34,-14,8
"Netherlands","Utrecht",2020-03-14,-16,8,-4,-37,-7,6
"Netherlands","Utrecht",2020-03-15,-26,7,15,-41,-12,5
"Netherlands","Utrecht",2020-03-16,-20,16,27,-62,-46,17
"Netherlands","Utrecht",2020-03-17,-26,13,47,-67,-52,19
"Netherlands","Utrecht",2020-03-18,-31,3,29,-67,-52,18
"Netherlands","Utrecht",2020-03-19,-42,1,-1,-73,-55,22
"Netherlands","Utrecht",2020-03-20,-45,-3,-11,-68,-52,21
"Netherlands","Utrecht",2020-03-21,-45,-7,14,-62,-28,13
"Netherlands","Utrecht",2020-03-22,-54,-19,30,-61,-33,10
"Netherlands","Utrecht",2020-03-23,-35,-10,-2,-74,-57,21
"Netherlands","Utrecht",2020-03-24,-41,-9,16,-76,-60,23
"Netherlands","Utrecht",2020-03-25,-42,-17,22,-74,-58,21
"Netherlands","Utrecht",2020-03-26,-49,-14,12,-77,-60,24
"Netherlands","Utrecht",2020-03-27,-49,-15,23,-72,-56,22
"Netherlands","Utrecht",2020-03-28,-53,-18,-9,-68,-33,14
"Netherlands","Utrecht",2020-03-29,-60,-32,-17,-70,-36,11
"Netherlands","Utrecht",2020-03-30,-42,-23,-19,-76,-60,23
"Netherlands","Utrecht",2020-03-31,-40,-13,38,-75,-60,23
"Netherlands","Utrecht",2020-04-01,-42,-19,12,-75,-57,21
"Netherlands","Utrecht",2020-04-02,-49,-18,-2,-78,-59,25
"Netherlands","Utrecht",2020-04-03,-50,-16,0,-74,-55,22
"Netherlands","Utrecht",2020-04-04,-50,-16,4,-65,-30,14
"Netherlands","Utrecht",2020-04-05,-50,-20,55,-58,-31,9
"Netherlands","Utrecht",2020-04-06,-35,-18,29,-73,-58,21
"Netherlands","Utrecht",2020-04-07,-34,-9,60,-72,-58,21
"Netherlands","Utrecht",2020-04-08,-35,-12,63,-70,-56,19
"Netherlands","Utrecht",2020-04-09,-41,-5,43,-73,-58,22
"Netherlands","Utrecht",2020-04-10,-41,-6,47,-69,-59,21
"Netherlands","Utrecht",2020-04-11,-44,-4,22,-60,-25,12
"Netherlands","Utrecht",2020-04-12,-69,-62,50,-59,-31,8
"Netherlands","Utrecht",2020-04-13,-56,-49,12,-80,-88,28
"Netherlands","Utrecht",2020-04-14,-39,-12,13,-74,-56,21
"Netherlands","Utrecht",2020-04-15,-36,-16,49,-70,-53,19
"Netherlands","Utrecht",2020-04-16,-43,-12,48,-72,-56,22
"Netherlands","Utrecht",2020-04-17,-43,-13,41,-68,-51,20
"Netherlands","Utrecht",2020-04-18,-49,-14,-15,-65,-21,13
"Netherlands","Utrecht",2020-04-19,-46,-17,79,-53,-20,8
"Netherlands","Utrecht",2020-04-20,-32,-15,38,-69,-56,20
"Netherlands","Utrecht",2020-04-21,-33,-7,51,-71,-55,20
"Netherlands","Utrecht",2020-04-22,-34,-12,65,-67,-52,18
"Netherlands","Utrecht",2020-04-23,-39,-7,70,-69,-54,20
"Netherlands","Utrecht",2020-04-24,-40,-7,53,-65,-50,18
"Netherlands","Utrecht",2020-04-25,-41,-6,7,-58,-18,11
"Netherlands","Utrecht",2020-04-26,-39,-5,78,-50,-19,7
"Netherlands","Utrecht",2020-04-27,-35,-23,102,-71,-84,23
"Netherlands","Utrecht",2020-04-28,-38,-10,-17,-73,-56,19
"Netherlands","Utrecht",2020-04-29,-34,-12,16,-68,-53,18
"Netherlands","Utrecht",2020-04-30,-41,-9,19,-71,-55,21
"Netherlands","Utrecht",2020-05-01,-44,-12,0,-66,-50,19
"Netherlands","Utrecht",2020-05-02,-43,-9,-4,-59,-17,12
"Netherlands","Utrecht",2020-05-03,-44,-16,57,-51,-14,7
"Netherlands","Utrecht",2020-05-04,-20,-10,60,-67,-59,19
"Netherlands","Utrecht",2020-05-05,-29,-10,120,-71,-76,23
"Netherlands","Utrecht",2020-05-06,-28,-9,70,-64,-48,16
"Netherlands","Utrecht",2020-05-07,-35,-5,75,-68,-50,18
"Netherlands","Utrecht",2020-05-08,-35,-2,83,-60,-45,16
"Netherlands","Utrecht",2020-05-09,-36,1,67,-48,-7,7
"Netherlands","Utrecht",2020-05-10,-44,-16,22,-50,0,5
"Netherlands","Utrecht",2020-05-11,-29,-11,12,-66,-49,18
"Netherlands","Utrecht",2020-05-12,-28,-3,34,-67,-47,18
"Netherlands","Utrecht",2020-05-13,-30,-9,27,-65,-45,16
"Netherlands","Utrecht",2020-05-14,-36,-6,32,-68,-46,17
"Netherlands","Utrecht",2020-05-15,-35,-6,45,-59,-41,15
"Netherlands","Utrecht",2020-05-16,-36,-6,22,-53,-5,9
"Netherlands","Utrecht",2020-05-17,-34,-12,91,-45,0,5
"Netherlands","Utrecht",2020-05-18,-20,-9,65,-63,-46,16
"Netherlands","Utrecht",2020-05-19,-20,1,86,-64,-45,16
"Netherlands","Utrecht",2020-05-20,-11,12,106,-57,-42,11
"Netherlands","Utrecht",2020-05-21,-40,-20,212,-67,-82,20
"Netherlands","Utrecht",2020-05-22,-28,-2,56,-60,-58,17
"Netherlands","Utrecht",2020-05-23,-33,-7,31,-49,1,8
"Netherlands","Utrecht",2020-05-24,-44,-20,-8,-52,-3,6
"Netherlands","Utrecht",2020-05-25,-15,-5,70,-60,-46,15
"Netherlands","Utrecht",2020-05-26,-15,1,106,-61,-44,14
"Netherlands","Utrecht",2020-05-27,-17,-3,95,-59,-41,13
"Netherlands","Utrecht",2020-05-28,-26,-1,74,-63,-43,15
"Netherlands","Utrecht",2020-05-29,-27,1,93,-52,-37,12
"Netherlands","Utrecht",2020-05-30,-30,2,77,-41,16,4
"Netherlands","Utrecht",2020-05-31,-49,-33,134,-37,12,2
"Netherlands","Utrecht",2020-06-01,-7,-21,203,-62,-80,16
"Netherlands","Utrecht",2020-06-02,-11,6,124,-59,-43,12
"Netherlands","Utrecht",2020-06-03,-13,-5,87,-57,-40,11
"Netherlands","Utrecht",2020-06-04,-29,-8,2,-65,-43,16
"Netherlands","Utrecht",2020-06-05,-29,-10,-5,-55,-38,14
"Netherlands","Utrecht",2020-06-06,-24,-6,-3,-47,12,7
"Netherlands","Utrecht",2020-06-07,-24,-15,20,-46,13,5
"Netherlands","Utrecht",2020-06-08,-11,-8,48,-59,-42,13
"Netherlands","Utrecht",2020-06-09,-12,-1,66,-59,-41,13
"Netherlands","Utrecht",2020-06-10,-11,-6,68,-56,-38,11
"Netherlands","Utrecht",2020-06-11,-23,-5,42,-61,-40,14
"Netherlands","Utrecht",2020-06-12,-17,-4,104,-48,-34,9
"Netherlands","Utrecht",2020-06-13,-21,-6,81,-39,19,3
"Netherlands","Utrecht",2020-06-14,-20,-12,57,-41,17,3
"Netherlands","Utrecht",2020-06-15,-8,-6,72,-56,-41,12
"Netherlands","Utrecht",2020-06-16,-13,-2,50,-58,-40,13
"Netherlands","Utrecht",2020-06-17,-8,-5,74,-54,-37,11
"Netherlands","Utrecht",2020-06-18,-19,-5,52,-59,-40,13
"Netherlands","Utrecht",2020-06-19,-14,-3,88,-48,-34,8
"Netherlands","Utrecht",2020-06-20,-16,-1,64,-38,17,3
"Netherlands","Utrecht",2020-06-21,-14,-14,91,-33,30,0
"Netherlands","Utrecht",2020-06-22,-3,-3,97,-55,-42,11
"Netherlands","Utrecht",2020-06-23,-1,5,141,-54,-41,10
"Netherlands","Utrecht",2020-06-24,-5,-3,145,-52,-37,9
"Netherlands","Utrecht",2020-06-25,-15,-1,130,-56,-39,10
"Netherlands","Utrecht",2020-06-26,-19,-6,129,-47,-36,7
"Netherlands","Utrecht",2020-06-27,-20,-7,31,-38,12,4
"Netherlands","Utrecht",2020-06-28,-6,-9,79,-31,19,1
"Netherlands","Utrecht",2020-06-29,-5,-6,47,-55,-40,11
"Netherlands","Utrecht",2020-06-30,-7,-3,25,-56,-38,12
"Netherlands","Utrecht",2020-07-01,-1,-5,58,-50,-36,9
"Netherlands","Utrecht",2020-07-02,-11,-5,56,-54,-37,11
"Netherlands","Utrecht",2020-07-03,-9,-6,84,-43,-32,7
"Netherlands","Utrecht",2020-07-04,-18,-11,-3,-38,9,4
"Netherlands","Utrecht",2020-07-05,-12,-13,41,-35,13,2
"Netherlands","Utrecht",2020-07-06,-2,-7,49,-51,-40,10
"Netherlands","Utrecht",2020-07-07,3,1,80,-50,-39,10
"Netherlands","Utrecht",2020-07-08,-3,-9,33,-49,-37,10
"Netherlands","Utrecht",2020-07-09,-13,-7,22,-52,-38,11
"Netherlands","Utrecht",2020-07-10,-10,-5,63,-45,-33,8
"Netherlands","Utrecht",2020-07-11,-11,-8,64,-31,15,1
"Netherlands","Utrecht",2020-07-12,-2,-10,127,-25,19,-1
"Netherlands","Utrecht",2020-07-13,8,-4,124,-48,-40,8
"Netherlands","Utrecht",2020-07-14,-2,-4,47,-52,-40,10
"Netherlands","Utrecht",2020-07-15,8,-4,101,-46,-36,8
"Netherlands","Utrecht",2020-07-16,-9,-5,53,-53,-39,10
"Netherlands","Utrecht",2020-07-17,-6,-5,101,-44,-36,6
"Netherlands","Utrecht",2020-07-18,-16,-12,93,-29,9,-1
"Netherlands","Utrecht",2020-07-19,-5,-13,113,-28,14,-1
"Netherlands","Utrecht",2020-07-20,8,-5,112,-52,-49,9
"Netherlands","Utrecht",2020-07-21,9,-2,138,-53,-48,9
"Netherlands","Utrecht",2020-07-22,5,-10,127,-48,-45,8
"Netherlands","Utrecht",2020-07-23,-5,-8,108,-55,-47,10
"Netherlands","Utrecht",2020-07-24,-11,-11,83,-49,-45,7
"Netherlands","Utrecht",2020-07-25,-19,-16,21,-35,2,2
"Netherlands","Utrecht",2020-07-26,-1,-15,93,-28,12,-1
"Netherlands","Utrecht",2020-07-27,4,-11,78,-56,-54,10
"Netherlands","Utrecht",2020-07-28,6,-6,107,-55,-52,10
"Netherlands","Utrecht",2020-07-29,5,-12,111,-51,-50,8
"Netherlands","Utrecht",2020-07-30,-3,-8,133,-53,-52,9
"Netherlands","Utrecht",2020-07-31,-21,-18,166,-49,-51,5
"Netherlands","Utrecht",2020-08-01,-25,-20,72,-34,-2,0
"Netherlands","Utrecht",2020-08-02,-8,-18,106,-28,9,-2
"Netherlands","Utrecht",2020-08-03,3,-13,68,-58,-57,10
"Netherlands","Utrecht",2020-08-04,9,-6,141,-54,-55,10
"Netherlands","Utrecht",2020-08-05,2,-11,164,-52,-53,7
"Netherlands","Utrecht",2020-08-06,-14,-10,148,-58,-56,10
"Netherlands","Utrecht",2020-08-07,-24,-16,151,-54,-54,7
"Netherlands","Utrecht",2020-08-08,-34,-20,93,-42,-6,0
"Netherlands","Utrecht",2020-08-09,-21,-18,128,-37,4,-2
"Netherlands","Utrecht",2020-08-10,-5,-9,141,-58,-58,9
"Netherlands","Utrecht",2020-08-11,-8,-9,149,-59,-57,10
"Netherlands","Utrecht",2020-08-12,-10,-17,149,-56,-54,9
"Netherlands","Utrecht",2020-08-13,-18,-14,92,-61,-56,12
"Netherlands","Utrecht",2020-08-14,-18,-17,98,-52,-52,8
"Netherlands","Utrecht",2020-08-15,-24,-19,62,-37,-4,1
"Netherlands","Utrecht",2020-08-16,-17,-19,87,-33,4,-1
"Netherlands","Utrecht",2020-08-17,-2,-13,NA,-54,-54,10
"Netherlands","Utrecht",2020-08-18,1,-9,NA,-53,-51,10
"Netherlands","Utrecht",2020-08-19,-2,-16,NA,-51,-50,8
"Netherlands","Utrecht",2020-08-20,-13,-14,NA,-56,-52,10
"Netherlands","Utrecht",2020-08-21,-14,-14,NA,-47,-48,6
"Netherlands","Utrecht",2020-08-22,-21,-18,35,-36,-1,2
"Netherlands","Utrecht",2020-08-23,-8,-14,53,-29,8,0
"Netherlands","Utrecht",2020-08-24,3,-10,NA,-51,-49,9
"Netherlands","Utrecht",2020-08-25,0,-7,NA,-52,-48,10
"Netherlands","Utrecht",2020-08-26,-6,-16,NA,-50,-45,10
"Netherlands","Utrecht",2020-08-27,-6,-9,NA,-52,-46,9
"Netherlands","Utrecht",2020-08-28,-12,-14,NA,-45,-42,8
"Netherlands","Utrecht",2020-08-29,-13,-12,32,-37,2,2
"Netherlands","Utrecht",2020-08-30,-7,-12,26,-33,8,1
"Netherlands","Utrecht",2020-08-31,3,-8,NA,-47,-42,9
"Netherlands","Utrecht",2020-09-01,1,-4,NA,-44,-40,8
"Netherlands","Utrecht",2020-09-02,2,-10,NA,-41,-37,6
"Netherlands","Utrecht",2020-09-03,-20,-14,22,-49,-40,10
"Netherlands","Utrecht",2020-09-04,-10,-10,NA,-38,-34,6
"Netherlands","Utrecht",2020-09-05,-12,-13,59,-32,4,1
"Netherlands","Utrecht",2020-09-06,-1,-10,NA,-25,7,0
"Netherlands","Utrecht",2020-09-07,-1,-11,NA,-45,-40,7
"Netherlands","Utrecht",2020-09-08,-5,-7,NA,-46,-40,8
"Netherlands","Utrecht",2020-09-09,-5,-13,NA,-44,-35,7
"Netherlands","Utrecht",2020-09-10,-11,-10,NA,-46,-37,8
"Netherlands","Utrecht",2020-09-11,-10,-11,98,-35,-32,5
"Netherlands","Utrecht",2020-09-12,-12,-13,75,-34,3,1
"Netherlands","Utrecht",2020-09-13,4,-11,143,-20,10,-1
"Netherlands","Utrecht",2020-09-14,2,-11,118,-43,-34,6
"Netherlands","Utrecht",2020-09-15,-1,-7,153,-44,-35,6
"Netherlands","Utrecht",2020-09-16,-4,-12,98,-42,-32,6
"Netherlands","Utrecht",2020-09-17,-15,-12,73,-47,-34,8
"Netherlands","Utrecht",2020-09-18,-12,-12,83,-36,-29,5
"Netherlands","Utrecht",2020-09-19,-13,-14,89,-29,2,0
"Netherlands","Utrecht",2020-09-20,4,-10,134,-17,8,-1
"Netherlands","Utrecht",2020-09-21,0,-11,87,-45,-35,7
"Netherlands","Utrecht",2020-09-22,-3,-6,101,-45,-34,7
"Netherlands","Utrecht",2020-09-23,-9,-10,38,-45,-30,8
"Netherlands","Utrecht",2020-09-24,-19,-9,17,-49,-33,10
"Netherlands","Utrecht",2020-09-25,-16,-10,12,-40,-28,7
"Netherlands","Utrecht",2020-09-26,-11,-8,25,-37,3,2
"Netherlands","Utrecht",2020-09-27,-8,-11,32,-32,5,2
"Netherlands","Utrecht",2020-09-28,-10,-13,4,-49,-32,10
"Netherlands","Utrecht",2020-09-29,-10,-4,42,-52,-34,10
"Netherlands","Utrecht",2020-09-30,-12,-10,28,-51,-34,10
"Netherlands","Utrecht",2020-10-01,-28,-14,-14,-56,-36,14
"Netherlands","Utrecht",2020-10-02,-18,-6,27,-45,-30,9
"Netherlands","Utrecht",2020-10-03,-23,-12,-12,-44,-1,6
"Netherlands","Utrecht",2020-10-04,-14,-12,34,-36,3,4
"Netherlands","Utrecht",2020-10-05,-16,-15,1,-53,-38,12
"Netherlands","Utrecht",2020-10-06,-19,-10,5,-56,-38,13
"Netherlands","Utrecht",2020-10-07,-15,-12,12,-53,-34,11
"Netherlands","Utrecht",2020-10-08,-32,-17,-20,-58,-38,14
"Netherlands","Utrecht",2020-10-09,-20,-7,25,-46,-30,10
"Netherlands","Utrecht",2020-10-10,-24,-14,-9,-45,-1,6
"Netherlands","Utrecht",2020-10-11,-19,-12,22,-39,1,5
"Netherlands","Utrecht",2020-10-12,-10,-12,24,-53,-37,12
"Netherlands","Utrecht",2020-10-13,-10,-5,39,-55,-38,13
"Netherlands","Utrecht",2020-10-14,-13,-11,29,-55,-34,12
"Netherlands","Utrecht",2020-10-15,-34,-8,15,-61,-39,16
"Netherlands","Utrecht",2020-10-16,-32,-7,35,-51,-33,12
"Netherlands","Utrecht",2020-10-17,-34,-10,19,-51,-7,8
"Netherlands","Utrecht",2020-10-18,-33,-16,61,-41,-5,5
"Netherlands","Utrecht",2020-10-19,-17,-13,35,-60,-52,14
"Netherlands","Utrecht",2020-10-20,-21,-7,25,-62,-52,16
"Netherlands","Utrecht",2020-10-21,-25,-15,12,-60,-48,14
"Netherlands","Utrecht",2020-10-22,-28,-8,38,-62,-50,16
"Netherlands","Utrecht",2020-10-23,-28,-8,43,-54,-46,13
"Netherlands","Utrecht",2020-10-24,-33,-10,7,-51,-5,7
"Netherlands","Utrecht",2020-10-25,-32,-13,22,-44,-4,5
"Netherlands","Utrecht",2020-10-26,-20,-12,15,-56,-38,13
"Netherlands","Utrecht",2020-10-27,-24,-5,11,-59,-38,14
"Netherlands","Utrecht",2020-10-28,-29,-13,-11,-58,-33,13
"Netherlands","Utrecht",2020-10-29,-35,-9,-11,-60,-36,15
"Netherlands","Utrecht",2020-10-30,-34,-8,-1,-51,-30,13
"Netherlands","Utrecht",2020-10-31,-30,-7,20,-48,-2,7
"Netherlands","Utrecht",2020-11-01,-37,-16,11,-46,-4,6
"Netherlands","Utrecht",2020-11-02,-25,-16,-2,-57,-36,13
"Netherlands","Utrecht",2020-11-03,-24,-7,15,-59,-37,14
"Netherlands","Utrecht",2020-11-04,-24,-11,32,-57,-33,13
"Netherlands","Utrecht",2020-11-05,-36,-9,10,-62,-36,15
"Netherlands","Utrecht",2020-11-06,-33,-7,22,-53,-30,13
"Netherlands","Utrecht",2020-11-07,-32,-8,29,-52,-3,8
"Netherlands","Utrecht",2020-11-08,-34,-13,59,-46,-3,5
"Netherlands","Utrecht",2020-11-09,-23,-13,27,-58,-36,14
"Netherlands","Utrecht",2020-11-10,-24,-5,32,-59,-37,14
"Netherlands","Utrecht",2020-11-11,-25,-8,17,-57,-32,13
"Netherlands","Utrecht",2020-11-12,-37,-10,-9,-61,-36,16
"Netherlands","Utrecht",2020-11-13,-34,-6,2,-51,-29,13
"Netherlands","Utrecht",2020-11-14,-34,-6,-5,-52,-5,8
"Netherlands","Utrecht",2020-11-15,-44,-20,-14,-49,-7,7
"Netherlands","Utrecht",2020-11-16,-28,-17,-17,-58,-35,14
"Netherlands","Utrecht",2020-11-17,-26,-6,5,-59,-35,14
"Netherlands","Utrecht",2020-11-18,-22,-7,44,-54,-30,12
"Netherlands","Utrecht",2020-11-19,-36,-11,-14,-60,-34,15
"Netherlands","Utrecht",2020-11-20,-30,-4,4,-49,-27,12
"Netherlands","Utrecht",2020-11-21,-31,-6,-17,-47,-3,8
"Netherlands","Utrecht",2020-11-22,-30,-12,32,-36,-1,5
"Netherlands","Utrecht",2020-11-23,-19,-11,18,-56,-34,13
"Netherlands","Utrecht",2020-11-24,-20,-1,14,-57,-34,13
"Netherlands","Utrecht",2020-11-25,-17,-5,17,-55,-30,11
"Netherlands","Utrecht",2020-11-26,-30,-7,-15,-59,-33,14
"Netherlands","Utrecht",2020-11-27,-24,-2,-5,-48,-27,11
"Netherlands","Utrecht",2020-11-28,-27,-4,-10,-48,0,7
"Netherlands","Utrecht",2020-11-29,-27,-11,20,-41,1,5
"Netherlands","Utrecht",2020-11-30,-21,-16,-24,-57,-34,13
"Netherlands","Utrecht",2020-12-01,-21,-3,-2,-57,-34,13
"Netherlands","Utrecht",2020-12-02,-19,-6,2,-56,-29,12
"Netherlands","Utrecht",2020-12-03,-31,-8,-23,-60,-33,15
"Netherlands","Utrecht",2020-12-04,-27,-2,-11,-49,-26,12
"Netherlands","Utrecht",2020-12-05,-33,-7,-16,-51,2,7
"Netherlands","Utrecht",2020-12-06,-35,-17,-2,-43,0,5
"Netherlands","Utrecht",2020-12-07,-23,-16,-23,-56,-35,13
"Netherlands","Utrecht",2020-12-08,-22,-6,1,-58,-33,13
"Netherlands","Utrecht",2020-12-09,-24,-11,-9,-56,-30,12
"Netherlands","Utrecht",2020-12-10,-32,-9,-10,-59,-33,14
"Netherlands","Utrecht",2020-12-11,-34,-10,-22,-51,-27,12
"Netherlands","Utrecht",2020-12-12,-33,-8,-28,-52,-1,8
"Netherlands","Utrecht",2020-12-13,-31,-11,11,-47,0,5
"Netherlands","Utrecht",2020-12-14,10,10,-4,-55,-34,12
"Netherlands","Utrecht",2020-12-15,-46,-10,-5,-64,-38,16
"Netherlands","Utrecht",2020-12-16,-45,-12,17,-66,-44,16
"Netherlands","Utrecht",2020-12-17,-51,-11,-8,-69,-47,20
"Netherlands","Utrecht",2020-12-18,-49,-8,11,-62,-43,17
"Netherlands","Utrecht",2020-12-19,-56,-12,-18,-62,-12,11
"Netherlands","Utrecht",2020-12-20,-52,-14,23,-56,-8,7
"Netherlands","Utrecht",2020-12-21,-39,-7,-34,-70,-58,19
"Netherlands","Utrecht",2020-12-22,-33,17,11,-70,-58,18
"Netherlands","Utrecht",2020-12-23,-35,14,-22,-68,-55,17
"Netherlands","Utrecht",2020-12-24,-42,15,-13,-70,-64,20
"Netherlands","Utrecht",2020-12-25,-83,-79,12,-77,-84,22
"Netherlands","Utrecht",2020-12-26,-82,-66,-41,-68,-38,9
"Netherlands","Utrecht",2020-12-27,-68,-37,-63,-62,-18,7
"Netherlands","Utrecht",2020-12-28,-34,-3,28,-69,-67,19
"Netherlands","Utrecht",2020-12-29,-40,2,14,-71,-67,21
"Netherlands","Utrecht",2020-12-30,-36,6,6,-69,-63,19
"Netherlands","Utrecht",2020-12-31,-43,10,-1,-71,-70,19
"Netherlands","Utrecht",2021-01-01,-81,-79,2,-78,-85,25
"Netherlands","Utrecht",2021-01-02,-62,-19,-17,-66,-20,13
"Netherlands","Utrecht",2021-01-03,-56,-22,9,-57,-9,8
"Netherlands","Utrecht",2021-01-04,-47,-17,-24,-70,-49,19
"Netherlands","Utrecht",2021-01-05,-49,-11,-6,-70,-49,19
"Netherlands","Utrecht",2021-01-06,-49,-14,3,-67,-44,17
"Netherlands","Utrecht",2021-01-07,-58,-18,-34,-71,-48,21
"Netherlands","Utrecht",2021-01-08,-54,-12,1,-62,-41,17
"Netherlands","Utrecht",2021-01-09,-55,-10,17,-59,-9,10
"Netherlands","Utrecht",2021-01-10,-53,-18,38,-54,-5,7
"Netherlands","Utrecht",2021-01-11,-46,-17,-15,-67,-46,17
"Netherlands","Utrecht",2021-01-12,-48,-10,11,-67,-46,18
"Netherlands","Utrecht",2021-01-13,-48,-15,13,-66,-43,16
"Netherlands","Utrecht",2021-01-14,-55,-15,-9,-69,-47,19
"Netherlands","Utrecht",2021-01-15,-55,-15,-9,-61,-41,16
"Netherlands","Utrecht",2021-01-16,-59,-15,-6,-62,-12,11
"Netherlands","Utrecht",2021-01-17,-58,-23,12,-56,-10,7
"Netherlands","Zeeland",2020-02-15,7,4,17,9,3,0
"Netherlands","Zeeland",2020-02-16,-7,-9,-27,13,0,2
"Netherlands","Zeeland",2020-02-17,-1,3,20,0,3,1
"Netherlands","Zeeland",2020-02-18,10,8,37,4,4,0
"Netherlands","Zeeland",2020-02-19,5,4,32,1,4,0
"Netherlands","Zeeland",2020-02-20,0,4,20,-1,4,1
"Netherlands","Zeeland",2020-02-21,12,12,68,9,2,0
"Netherlands","Zeeland",2020-02-22,8,10,44,31,0,1
"Netherlands","Zeeland",2020-02-23,8,-2,19,17,1,1
"Netherlands","Zeeland",2020-02-24,27,9,71,-9,-24,3
"Netherlands","Zeeland",2020-02-25,33,14,102,-9,-22,2
"Netherlands","Zeeland",2020-02-26,13,3,52,-22,-21,3
"Netherlands","Zeeland",2020-02-27,3,0,25,-25,-21,4
"Netherlands","Zeeland",2020-02-28,5,2,32,-19,-20,3
"Netherlands","Zeeland",2020-02-29,2,1,5,0,1,1
"Netherlands","Zeeland",2020-03-01,0,-1,-12,-1,4,1
"Netherlands","Zeeland",2020-03-02,-4,0,-8,-7,2,1
"Netherlands","Zeeland",2020-03-03,6,5,24,-3,4,0
"Netherlands","Zeeland",2020-03-04,2,3,20,-3,4,0
"Netherlands","Zeeland",2020-03-05,-12,-4,-13,-10,3,2
"Netherlands","Zeeland",2020-03-06,-1,3,16,-3,4,1
"Netherlands","Zeeland",2020-03-07,12,5,42,9,4,0
"Netherlands","Zeeland",2020-03-08,0,3,-7,-4,1,1
"Netherlands","Zeeland",2020-03-09,10,5,17,-2,2,1
"Netherlands","Zeeland",2020-03-10,5,3,9,-4,2,1
"Netherlands","Zeeland",2020-03-11,0,1,18,-12,-6,3
"Netherlands","Zeeland",2020-03-12,-2,13,12,-6,0,3
"Netherlands","Zeeland",2020-03-13,-2,28,34,-15,-3,4
"Netherlands","Zeeland",2020-03-14,-2,16,35,-9,-3,6
"Netherlands","Zeeland",2020-03-15,-22,8,28,-16,-7,5
"Netherlands","Zeeland",2020-03-16,-16,21,43,-38,-30,11
"Netherlands","Zeeland",2020-03-17,-18,15,67,-40,-35,12
"Netherlands","Zeeland",2020-03-18,-27,8,52,-43,-37,13
"Netherlands","Zeeland",2020-03-19,-34,3,15,-49,-39,15
"Netherlands","Zeeland",2020-03-20,-45,-4,-11,-53,-38,17
"Netherlands","Zeeland",2020-03-21,-49,-10,2,-42,-23,12
"Netherlands","Zeeland",2020-03-22,-62,-29,-8,-43,-28,9
"Netherlands","Zeeland",2020-03-23,-32,-8,7,-55,-42,15
"Netherlands","Zeeland",2020-03-24,-37,-11,26,-53,-44,16
"Netherlands","Zeeland",2020-03-25,-43,-13,23,-54,-43,15
"Netherlands","Zeeland",2020-03-26,-44,-13,4,-55,-45,18
"Netherlands","Zeeland",2020-03-27,-48,-14,1,-54,-43,17
"Netherlands","Zeeland",2020-03-28,-56,-20,-24,-47,-25,13
"Netherlands","Zeeland",2020-03-29,-69,-40,-46,-57,-31,10
"Netherlands","Zeeland",2020-03-30,-38,-20,-12,-55,-44,16
"Netherlands","Zeeland",2020-03-31,-38,-15,13,-54,-44,16
"Netherlands","Zeeland",2020-04-01,-41,-17,6,-53,-43,15
"Netherlands","Zeeland",2020-04-02,-46,-15,-18,-56,-44,17
"Netherlands","Zeeland",2020-04-03,-47,-15,-23,-55,-41,17
"Netherlands","Zeeland",2020-04-04,-53,-18,-26,-39,-25,12
"Netherlands","Zeeland",2020-04-05,-58,-27,-5,-32,-28,8
"Netherlands","Zeeland",2020-04-06,-34,-17,-8,-55,-43,15
"Netherlands","Zeeland",2020-04-07,-30,-10,29,-46,-43,14
"Netherlands","Zeeland",2020-04-08,-34,-9,23,-46,-42,13
"Netherlands","Zeeland",2020-04-09,-37,-3,-4,-49,-43,15
"Netherlands","Zeeland",2020-04-10,-39,-7,-12,-51,-48,17
"Netherlands","Zeeland",2020-04-11,-48,-7,-16,-30,-22,11
"Netherlands","Zeeland",2020-04-12,-71,-55,-17,-34,-28,8
"Netherlands","Zeeland",2020-04-13,-53,-52,-24,-68,-82,26
"Netherlands","Zeeland",2020-04-14,-37,-11,-3,-52,-41,15
"Netherlands","Zeeland",2020-04-15,-37,-14,14,-46,-40,14
"Netherlands","Zeeland",2020-04-16,-38,-8,19,-45,-40,15
"Netherlands","Zeeland",2020-04-17,-41,-10,-11,-45,-38,15
"Netherlands","Zeeland",2020-04-18,-54,-18,-48,-46,-19,13
"Netherlands","Zeeland",2020-04-19,-56,-28,0,-28,-24,7
"Netherlands","Zeeland",2020-04-20,-24,-12,6,-48,-41,14
"Netherlands","Zeeland",2020-04-21,-24,-6,21,-48,-40,14
"Netherlands","Zeeland",2020-04-22,-27,-9,22,-44,-39,12
"Netherlands","Zeeland",2020-04-23,-27,-2,33,-41,-40,14
"Netherlands","Zeeland",2020-04-24,-33,-5,-4,-42,-38,14
"Netherlands","Zeeland",2020-04-25,-41,-8,-23,-30,-14,10
"Netherlands","Zeeland",2020-04-26,-46,-16,5,-19,-21,6
"Netherlands","Zeeland",2020-04-27,-23,-18,43,-48,-73,20
"Netherlands","Zeeland",2020-04-28,-31,-8,-23,-52,-41,12
"Netherlands","Zeeland",2020-04-29,-31,-8,-13,-49,-39,13
"Netherlands","Zeeland",2020-04-30,-34,-6,-14,-51,-39,15
"Netherlands","Zeeland",2020-05-01,-38,-7,-14,-49,-39,16
"Netherlands","Zeeland",2020-05-02,-43,-7,-7,-35,-12,10
"Netherlands","Zeeland",2020-05-03,-48,-20,20,-18,-18,6
"Netherlands","Zeeland",2020-05-04,-13,-5,34,-47,-45,14
"Netherlands","Zeeland",2020-05-05,-23,-9,82,-47,-61,17
"Netherlands","Zeeland",2020-05-06,-21,0,44,-40,-32,11
"Netherlands","Zeeland",2020-05-07,-24,5,59,-38,-33,12
"Netherlands","Zeeland",2020-05-08,-26,6,63,-31,-30,11
"Netherlands","Zeeland",2020-05-09,-30,8,66,-10,-4,6
"Netherlands","Zeeland",2020-05-10,-51,-13,-17,-29,-4,5
"Netherlands","Zeeland",2020-05-11,-26,-5,-7,-47,-32,12
"Netherlands","Zeeland",2020-05-12,-20,0,32,-42,-31,11
"Netherlands","Zeeland",2020-05-13,-27,-3,21,-41,-30,11
"Netherlands","Zeeland",2020-05-14,-29,3,26,-38,-30,11
"Netherlands","Zeeland",2020-05-15,-29,2,52,-35,-27,11
"Netherlands","Zeeland",2020-05-16,-34,-1,44,-20,-3,8
"Netherlands","Zeeland",2020-05-17,-36,-8,73,1,-4,4
"Netherlands","Zeeland",2020-05-18,-11,2,66,-37,-29,10
"Netherlands","Zeeland",2020-05-19,-8,10,101,-33,-29,9
"Netherlands","Zeeland",2020-05-20,3,33,235,-22,-27,6
"Netherlands","Zeeland",2020-05-21,-12,4,370,-23,-74,17
"Netherlands","Zeeland",2020-05-22,-1,27,183,-25,-50,15
"Netherlands","Zeeland",2020-05-23,-20,13,131,-3,1,8
"Netherlands","Zeeland",2020-05-24,-40,-4,58,-10,-4,5
"Netherlands","Zeeland",2020-05-25,0,8,105,-30,-29,9
"Netherlands","Zeeland",2020-05-26,2,15,139,-24,-27,8
"Netherlands","Zeeland",2020-05-27,-4,14,117,-27,-26,8
"Netherlands","Zeeland",2020-05-28,-7,18,114,-28,-27,9
"Netherlands","Zeeland",2020-05-29,-10,21,211,-20,-25,8
"Netherlands","Zeeland",2020-05-30,-12,30,222,7,15,4
"Netherlands","Zeeland",2020-05-31,-5,27,267,45,7,2
"Netherlands","Zeeland",2020-06-01,61,7,393,-20,-71,14
"Netherlands","Zeeland",2020-06-02,27,30,252,-17,-25,6
"Netherlands","Zeeland",2020-06-03,15,20,153,-18,-23,7
"Netherlands","Zeeland",2020-06-04,1,18,96,-27,-25,9
"Netherlands","Zeeland",2020-06-05,-12,7,78,-27,-22,9
"Netherlands","Zeeland",2020-06-06,-8,12,68,-20,13,6
"Netherlands","Zeeland",2020-06-07,8,11,90,2,12,4
"Netherlands","Zeeland",2020-06-08,14,14,106,-28,-26,8
"Netherlands","Zeeland",2020-06-09,21,18,161,-21,-24,7
"Netherlands","Zeeland",2020-06-10,17,18,220,-18,-23,6
"Netherlands","Zeeland",2020-06-11,23,31,235,-15,-24,7
"Netherlands","Zeeland",2020-06-12,17,25,255,-15,-21,6
"Netherlands","Zeeland",2020-06-13,13,26,249,20,19,2
"Netherlands","Zeeland",2020-06-14,34,32,208,36,14,1
"Netherlands","Zeeland",2020-06-15,40,27,247,-16,-24,6
"Netherlands","Zeeland",2020-06-16,36,32,241,-17,-23,6
"Netherlands","Zeeland",2020-06-17,17,17,187,-19,-23,7
"Netherlands","Zeeland",2020-06-18,26,27,200,-14,-24,7
"Netherlands","Zeeland",2020-06-19,22,25,261,-7,-20,5
"Netherlands","Zeeland",2020-06-20,27,33,267,27,18,1
"Netherlands","Zeeland",2020-06-21,48,38,239,44,20,0
"Netherlands","Zeeland",2020-06-22,60,35,317,-4,-25,5
"Netherlands","Zeeland",2020-06-23,68,42,392,2,-24,4
"Netherlands","Zeeland",2020-06-24,58,38,397,5,-23,3
"Netherlands","Zeeland",2020-06-25,52,40,372,2,-24,5
"Netherlands","Zeeland",2020-06-26,34,32,367,0,-23,5
"Netherlands","Zeeland",2020-06-27,26,33,272,20,12,3
"Netherlands","Zeeland",2020-06-28,63,42,263,50,15,1
"Netherlands","Zeeland",2020-06-29,52,37,283,-12,-24,6
"Netherlands","Zeeland",2020-06-30,41,32,250,-18,-22,7
"Netherlands","Zeeland",2020-07-01,41,30,299,-11,-22,5
"Netherlands","Zeeland",2020-07-02,40,34,293,-7,-23,6
"Netherlands","Zeeland",2020-07-03,36,28,327,-2,-20,4
"Netherlands","Zeeland",2020-07-04,19,30,235,4,11,3
"Netherlands","Zeeland",2020-07-05,51,40,252,25,12,2
"Netherlands","Zeeland",2020-07-06,74,47,392,-7,-25,5
"Netherlands","Zeeland",2020-07-07,74,44,NA,4,-23,4
"Netherlands","Zeeland",2020-07-08,55,40,351,-11,-22,5
"Netherlands","Zeeland",2020-07-09,48,39,324,-9,-24,6
"Netherlands","Zeeland",2020-07-10,37,30,370,-5,-22,4
"Netherlands","Zeeland",2020-07-11,31,35,370,35,13,1
"Netherlands","Zeeland",2020-07-12,81,53,411,74,15,-1
"Netherlands","Zeeland",2020-07-13,97,49,NA,5,-32,4
"Netherlands","Zeeland",2020-07-14,80,53,490,-5,-32,6
"Netherlands","Zeeland",2020-07-15,70,41,501,-1,-30,4
"Netherlands","Zeeland",2020-07-16,63,46,420,-11,-31,6
"Netherlands","Zeeland",2020-07-17,47,33,486,-1,-29,3
"Netherlands","Zeeland",2020-07-18,34,38,466,46,11,-1
"Netherlands","Zeeland",2020-07-19,80,62,425,64,14,0
"Netherlands","Zeeland",2020-07-20,117,62,646,4,-37,5
"Netherlands","Zeeland",2020-07-21,142,75,NA,21,-37,5
"Netherlands","Zeeland",2020-07-22,91,54,640,9,-33,4
"Netherlands","Zeeland",2020-07-23,80,50,571,4,-35,5
"Netherlands","Zeeland",2020-07-24,50,39,479,0,-33,5
"Netherlands","Zeeland",2020-07-25,21,33,349,12,5,3
"Netherlands","Zeeland",2020-07-26,68,52,404,55,17,0
"Netherlands","Zeeland",2020-07-27,105,60,586,-8,-42,8
"Netherlands","Zeeland",2020-07-28,103,59,NA,1,-40,7
"Netherlands","Zeeland",2020-07-29,89,51,660,7,-39,5
"Netherlands","Zeeland",2020-07-30,78,55,648,2,-41,6
"Netherlands","Zeeland",2020-07-31,45,39,635,2,-40,4
"Netherlands","Zeeland",2020-08-01,33,44,467,42,7,1
"Netherlands","Zeeland",2020-08-02,70,56,437,61,18,-1
"Netherlands","Zeeland",2020-08-03,100,61,NA,-14,-43,8
"Netherlands","Zeeland",2020-08-04,105,60,NA,9,-41,6
"Netherlands","Zeeland",2020-08-05,80,50,702,1,-40,4
"Netherlands","Zeeland",2020-08-06,73,53,645,-4,-42,6
"Netherlands","Zeeland",2020-08-07,42,35,601,-4,-41,5
"Netherlands","Zeeland",2020-08-08,19,35,508,36,5,1
"Netherlands","Zeeland",2020-08-09,58,51,463,54,13,-1
"Netherlands","Zeeland",2020-08-10,95,58,NA,-3,-41,6
"Netherlands","Zeeland",2020-08-11,92,54,NA,-3,-40,6
"Netherlands","Zeeland",2020-08-12,67,41,NA,-6,-38,5
"Netherlands","Zeeland",2020-08-13,55,42,491,-13,-40,8
"Netherlands","Zeeland",2020-08-14,44,33,445,0,-36,7
"Netherlands","Zeeland",2020-08-15,31,35,385,31,11,1
"Netherlands","Zeeland",2020-08-16,49,40,337,42,18,0
"Netherlands","Zeeland",2020-08-17,NA,49,NA,NA,-34,6
"Netherlands","Zeeland",2020-08-18,NA,50,NA,NA,-31,5
"Netherlands","Zeeland",2020-08-19,NA,41,NA,NA,-31,5
"Netherlands","Zeeland",2020-08-20,NA,40,NA,NA,-30,5
"Netherlands","Zeeland",2020-08-21,45,28,NA,NA,-28,4
"Netherlands","Zeeland",2020-08-22,26,29,NA,NA,14,2
"Netherlands","Zeeland",2020-08-23,NA,NA,NA,NA,NA,1
"Netherlands","Zeeland",2020-08-24,NA,39,NA,NA,-25,5
"Netherlands","Zeeland",2020-08-25,NA,39,NA,NA,-24,5
"Netherlands","Zeeland",2020-08-26,NA,28,NA,NA,-23,5
"Netherlands","Zeeland",2020-08-27,NA,29,NA,NA,-21,4
"Netherlands","Zeeland",2020-08-28,27,20,NA,NA,-20,4
"Netherlands","Zeeland",2020-08-29,13,19,NA,NA,15,2
"Netherlands","Zeeland",2020-08-30,NA,NA,NA,NA,NA,2
"Netherlands","Zeeland",2020-08-31,NA,27,NA,NA,-24,4
"Netherlands","Zeeland",2020-09-01,NA,30,NA,NA,-22,3
"Netherlands","Zeeland",2020-09-02,NA,26,NA,NA,-23,2
"Netherlands","Zeeland",2020-09-03,33,27,NA,NA,-23,4
"Netherlands","Zeeland",2020-09-04,30,21,NA,NA,-22,2
"Netherlands","Zeeland",2020-09-05,25,26,NA,NA,10,1
"Netherlands","Zeeland",2020-09-06,NA,NA,NA,NA,NA,0
"Netherlands","Zeeland",2020-09-07,NA,29,NA,NA,-24,3
"Netherlands","Zeeland",2020-09-08,NA,34,NA,NA,-23,3
"Netherlands","Zeeland",2020-09-09,NA,24,NA,NA,-22,3
"Netherlands","Zeeland",2020-09-10,NA,24,NA,NA,-22,3
"Netherlands","Zeeland",2020-09-11,34,24,355,-1,-21,1
"Netherlands","Zeeland",2020-09-12,28,29,306,14,10,0
"Netherlands","Zeeland",2020-09-13,76,37,356,52,17,-2
"Netherlands","Zeeland",2020-09-14,80,34,440,0,-18,2
"Netherlands","Zeeland",2020-09-15,72,36,484,2,-17,2
"Netherlands","Zeeland",2020-09-16,57,34,378,0,-19,2
"Netherlands","Zeeland",2020-09-17,44,27,307,-9,-18,3
"Netherlands","Zeeland",2020-09-18,33,22,337,-1,-17,2
"Netherlands","Zeeland",2020-09-19,27,24,305,13,10,-1
"Netherlands","Zeeland",2020-09-20,68,31,314,38,19,-2
"Netherlands","Zeeland",2020-09-21,57,25,308,-7,-18,2
"Netherlands","Zeeland",2020-09-22,48,24,305,-2,-15,2
"Netherlands","Zeeland",2020-09-23,22,22,181,-20,-16,4
"Netherlands","Zeeland",2020-09-24,16,17,144,-21,-15,5
"Netherlands","Zeeland",2020-09-25,1,8,123,-25,-15,5
"Netherlands","Zeeland",2020-09-26,-4,8,88,-31,8,4
"Netherlands","Zeeland",2020-09-27,13,9,89,-13,15,2
"Netherlands","Zeeland",2020-09-28,9,5,88,-28,-15,5
"Netherlands","Zeeland",2020-09-29,23,17,154,-18,-13,4
"Netherlands","Zeeland",2020-09-30,15,15,125,-24,-16,5
"Netherlands","Zeeland",2020-10-01,-4,5,61,-31,-16,7
"Netherlands","Zeeland",2020-10-02,2,9,117,-25,-15,5
"Netherlands","Zeeland",2020-10-03,-6,8,75,-26,5,5
"Netherlands","Zeeland",2020-10-04,0,3,73,-18,7,3
"Netherlands","Zeeland",2020-10-05,11,5,97,-27,-18,6
"Netherlands","Zeeland",2020-10-06,12,11,117,-22,-18,6
"Netherlands","Zeeland",2020-10-07,8,9,104,-27,-17,5
"Netherlands","Zeeland",2020-10-08,-7,2,55,-29,-16,7
"Netherlands","Zeeland",2020-10-09,0,6,114,-25,-15,5
"Netherlands","Zeeland",2020-10-10,-9,6,72,-34,5,5
"Netherlands","Zeeland",2020-10-11,1,8,96,-20,9,4
"Netherlands","Zeeland",2020-10-12,18,13,161,-24,-16,6
"Netherlands","Zeeland",2020-10-13,13,14,146,-24,-15,6
"Netherlands","Zeeland",2020-10-14,12,14,155,-29,-15,6
"Netherlands","Zeeland",2020-10-15,-13,14,129,-29,-17,8
"Netherlands","Zeeland",2020-10-16,-20,8,112,-28,-18,7
"Netherlands","Zeeland",2020-10-17,-31,5,75,-32,-5,7
"Netherlands","Zeeland",2020-10-18,-37,-4,68,-28,-5,5
"Netherlands","Zeeland",2020-10-19,3,5,154,-41,-36,8
"Netherlands","Zeeland",2020-10-20,1,11,127,-42,-36,9
"Netherlands","Zeeland",2020-10-21,-11,4,96,-47,-36,10
"Netherlands","Zeeland",2020-10-22,-6,11,124,-35,-36,10
"Netherlands","Zeeland",2020-10-23,-15,6,94,-41,-35,9
"Netherlands","Zeeland",2020-10-24,-31,3,49,-37,-5,7
"Netherlands","Zeeland",2020-10-25,-38,-5,19,-34,-4,5
"Netherlands","Zeeland",2020-10-26,-13,-1,25,-33,-20,8
"Netherlands","Zeeland",2020-10-27,-16,1,16,-32,-18,8
"Netherlands","Zeeland",2020-10-28,-27,-5,-7,-38,-18,8
"Netherlands","Zeeland",2020-10-29,-27,0,-1,-36,-18,9
"Netherlands","Zeeland",2020-10-30,-26,2,12,-33,-18,9
"Netherlands","Zeeland",2020-10-31,-32,0,26,-36,-6,7
"Netherlands","Zeeland",2020-11-01,-43,-11,-3,-34,-10,6
"Netherlands","Zeeland",2020-11-02,-18,-6,5,-37,-21,9
"Netherlands","Zeeland",2020-11-03,-15,-2,21,-35,-20,9
"Netherlands","Zeeland",2020-11-04,-18,0,41,-35,-20,8
"Netherlands","Zeeland",2020-11-05,-22,3,33,-35,-20,9
"Netherlands","Zeeland",2020-11-06,-24,2,38,-32,-20,9
"Netherlands","Zeeland",2020-11-07,-27,3,56,-29,-8,7
"Netherlands","Zeeland",2020-11-08,-30,-3,61,-17,-10,5
"Netherlands","Zeeland",2020-11-09,-14,-4,35,-33,-20,8
"Netherlands","Zeeland",2020-11-10,-15,3,32,-34,-20,8
"Netherlands","Zeeland",2020-11-11,-12,11,37,-33,-21,9
"Netherlands","Zeeland",2020-11-12,-24,2,14,-35,-19,9
"Netherlands","Zeeland",2020-11-13,-29,1,7,-35,-18,9
"Netherlands","Zeeland",2020-11-14,-32,3,13,-38,-9,8
"Netherlands","Zeeland",2020-11-15,-54,-20,-40,-50,-15,7
"Netherlands","Zeeland",2020-11-16,-21,-8,0,-36,-19,9
"Netherlands","Zeeland",2020-11-17,-19,-1,9,-35,-18,8
"Netherlands","Zeeland",2020-11-18,-18,3,31,-33,-19,8
"Netherlands","Zeeland",2020-11-19,-27,-3,-14,-37,-17,9
"Netherlands","Zeeland",2020-11-20,-23,3,3,-33,-17,9
"Netherlands","Zeeland",2020-11-21,-29,3,-9,-39,-9,8
"Netherlands","Zeeland",2020-11-22,-38,-9,-8,-34,-11,6
"Netherlands","Zeeland",2020-11-23,-10,-3,9,-34,-17,8
"Netherlands","Zeeland",2020-11-24,-10,5,13,-32,-16,7
"Netherlands","Zeeland",2020-11-25,-15,1,4,-38,-22,8
"Netherlands","Zeeland",2020-11-26,-18,3,-8,-37,-17,9
"Netherlands","Zeeland",2020-11-27,-18,5,-2,-34,-17,8
"Netherlands","Zeeland",2020-11-28,-22,5,13,-33,-8,7
"Netherlands","Zeeland",2020-11-29,-35,-8,-10,-38,-11,5
"Netherlands","Zeeland",2020-11-30,-15,-7,-15,-40,-19,8
"Netherlands","Zeeland",2020-12-01,-15,-1,-6,-34,-17,8
"Netherlands","Zeeland",2020-12-02,-17,2,-8,-37,-16,7
"Netherlands","Zeeland",2020-12-03,-24,0,-23,-39,-17,9
"Netherlands","Zeeland",2020-12-04,-26,2,-18,-32,-16,9
"Netherlands","Zeeland",2020-12-05,-33,-1,-23,-44,-7,7
"Netherlands","Zeeland",2020-12-06,-41,-13,-19,-33,-13,5
"Netherlands","Zeeland",2020-12-07,-16,-8,-19,-37,-19,8
"Netherlands","Zeeland",2020-12-08,-13,1,-1,-36,-16,7
"Netherlands","Zeeland",2020-12-09,-23,-4,-20,-40,-18,8
"Netherlands","Zeeland",2020-12-10,-22,1,-7,-38,-17,9
"Netherlands","Zeeland",2020-12-11,-33,-6,-28,-38,-18,9
"Netherlands","Zeeland",2020-12-12,-34,-1,-22,-41,-8,8
"Netherlands","Zeeland",2020-12-13,-42,-9,-15,-36,-11,6
"Netherlands","Zeeland",2020-12-14,26,14,-11,-35,-18,7
"Netherlands","Zeeland",2020-12-15,-42,-1,-3,-39,-19,9
"Netherlands","Zeeland",2020-12-16,-46,-3,-5,-52,-31,11
"Netherlands","Zeeland",2020-12-17,-48,-2,-15,-55,-31,13
"Netherlands","Zeeland",2020-12-18,-48,-3,1,-53,-32,12
"Netherlands","Zeeland",2020-12-19,-60,-6,-21,-51,-13,10
"Netherlands","Zeeland",2020-12-20,-56,-13,10,-38,-14,6
"Netherlands","Zeeland",2020-12-21,-39,5,-10,-63,-46,15
"Netherlands","Zeeland",2020-12-22,-32,27,23,-56,-45,14
"Netherlands","Zeeland",2020-12-23,-33,33,4,-58,-47,13
"Netherlands","Zeeland",2020-12-24,-40,20,-6,-60,-56,17
"Netherlands","Zeeland",2020-12-25,-82,-77,-3,-71,-81,23
"Netherlands","Zeeland",2020-12-26,-82,-58,-21,-55,-40,11
"Netherlands","Zeeland",2020-12-27,-71,-32,-44,-54,-28,8
"Netherlands","Zeeland",2020-12-28,-31,9,52,-55,-57,17
"Netherlands","Zeeland",2020-12-29,-36,14,41,-59,-57,17
"Netherlands","Zeeland",2020-12-30,-33,29,43,-55,-57,16
"Netherlands","Zeeland",2020-12-31,-38,20,32,-58,-63,16
"Netherlands","Zeeland",2021-01-01,-76,-78,-3,-68,-81,23
"Netherlands","Zeeland",2021-01-02,-65,-12,-4,-45,-26,12
"Netherlands","Zeeland",2021-01-03,-62,-23,-15,-46,-18,7
"Netherlands","Zeeland",2021-01-04,-50,-11,-32,-57,-34,13
"Netherlands","Zeeland",2021-01-05,-50,-7,-17,-55,-32,13
"Netherlands","Zeeland",2021-01-06,-51,-5,-16,-54,-32,12
"Netherlands","Zeeland",2021-01-07,-56,-12,-31,-57,-32,14
"Netherlands","Zeeland",2021-01-08,-54,-8,-18,-51,-31,13
"Netherlands","Zeeland",2021-01-09,-57,-5,5,-42,-16,9
"Netherlands","Zeeland",2021-01-10,-59,-18,6,-34,-18,6
"Netherlands","Zeeland",2021-01-11,-47,-11,-21,-51,-31,12
"Netherlands","Zeeland",2021-01-12,-48,-6,-8,-51,-30,12
"Netherlands","Zeeland",2021-01-13,-51,-6,-6,-52,-30,10
"Netherlands","Zeeland",2021-01-14,-55,-12,-30,-53,-31,13
"Netherlands","Zeeland",2021-01-15,-54,-8,-20,-48,-31,11
"Netherlands","Zeeland",2021-01-16,-67,-16,-35,-52,-21,11
"Netherlands","Zeeland",2021-01-17,-62,-22,-17,-40,-18,6
